{
  "5": 0.6,
  "2": 0.306934741772058,
  "3": 0.1470534873107054,
  "4": 0.08114902238130123,
  "tda_node_25": 0.054519785348672634,
  "1": 0.0479349222978703,
  "tda_node_324": 0.011345730725778156,
  "tda_node_165": 0.005620638755702245,
  "tda_node_327": 0.004284920180949477,
  "tda_node_80": 0.0032422624423190326
}