{
  "5": 0.6,
  "2": 0.11541639655285892,
  "3": 0.06443260609073626,
  "4": 0.0553914708055675,
  "1": 0.04682329672118582,
  "tda_node_11": 0.019274840144908573,
  "tda_node_324": 0.0032155878342825296,
  "tda_node_165": 0.002464957016808614,
  "tda_node_327": 0.0016105982129964197,
  "tda_node_80": 0.001377066291296124
}