{
  "3": 0.6,
  "1": 0.08733312529236406,
  "5": 0.07203864944585739,
  "2": 0.024310411685064506,
  "4": 0.018903218218911028,
  "tda_node_128": 0.009237543124311541,
  "tda_node_324": 0.007501502445129155,
  "tda_node_165": 0.00460793993504374,
  "tda_node_80": 0.0031158391493948706,
  "tda_node_327": 0.0030317701650699655
}