{
  "5": 0.6,
  "2": 0.30120993295960324,
  "3": 0.26045831886694293,
  "1": 0.12570821985054575,
  "4": 0.028441988631606404,
  "tda_node_39": 0.014479962117119794,
  "tda_node_324": 0.01341841225145251,
  "tda_node_73": 0.005895879986249931,
  "tda_node_165": 0.005463116371881361,
  "tda_node_327": 0.005370842670606696
}